,pre1_base_polarity,pre1_base_polarity_percentage
being moved,113,8.236151603498543
negative,221,16.107871720116616
no_annotation,725,52.84256559766764
positive,313,22.813411078717202
