,pre1_tag_type,pre1_tag_type_percentage
Schadenfreude,13,0.9475218658892128
abhorrence,42,3.061224489795918
"admiration, reverence",50,3.6443148688046647
anger,54,3.9358600583090384
being moved,113,8.236151603498543
compassion,9,0.6559766763848397
desire,1,0.0728862973760933
despair,11,0.8017492711370262
fear,30,2.186588921282799
friendship,14,1.0204081632653061
joy,140,10.204081632653061
love,95,6.924198250728864
no_annotation,725,52.84256559766764
suffering,75,5.466472303206997
