,pre1_base_polarity,pre1_base_polarity_percentage
being moved,94,6.212822207534699
negative,265,17.514871116986118
no_annotation,859,56.774619960343685
positive,295,19.497686715135494
