,pre1_main_emotion_class,pre1_main_emotion_class_percentage
being moved,94,6.212822207534699
emotions of affection,179,11.830799735624586
emotions of anxiety,25,1.6523463317911435
emotions of pleasure,116,7.666886979510905
emotions of rejection,133,8.790482485128882
emotions of suffering and empathy,107,7.0720423000660935
no_annotation,859,56.774619960343685
