,pre1_tag_type,pre1_tag_type_percentage
Schadenfreude,5,0.3304692663582287
abhorrence,61,4.03172504957039
"admiration, reverence",46,3.040317250495704
anger,72,4.758757435558493
being moved,94,6.212822207534699
compassion,11,0.7270323859881032
despair,6,0.39656311962987445
fear,19,1.255783212161269
friendship,21,1.3879709187045606
joy,111,7.336417713152676
love,112,7.402511566424323
no_annotation,859,56.774619960343685
suffering,96,6.345009914077991
