,kasperl_pre1_main_emotion_class,kasperl_pre1_main_emotion_class_percentage,comedies1740_1770_pre1_main_emotion_class,comedies1740_1770_pre1_main_emotion_class_percentage,typecomedies_pre1_main_emotion_class,typecomedies_pre1_main_emotion_class_percentage
being moved,113,8.236151603498543,94,6.212822207534699,32,5.031446540880504
emotions of affection,160,11.661807580174926,179,11.830799735624586,55,8.647798742138365
emotions of anxiety,41,2.988338192419825,25,1.6523463317911435,13,2.044025157232704
emotions of pleasure,153,11.151603498542274,116,7.666886979510905,51,8.018867924528301
emotions of rejection,96,6.997084548104956,133,8.790482485128882,73,11.477987421383649
emotions of suffering and empathy,84,6.122448979591836,107,7.0720423000660935,48,7.547169811320755
no_annotation,725,52.84256559766764,859,56.774619960343685,364,57.23270440251572
