,pre1_base_polarity,pre1_base_polarity_percentage
being moved,113,17.465224111282843
negative,221,34.15765069551777
positive,313,48.37712519319938
