,pre1_tag_type,pre1_tag_type_percentage
Schadenfreude,13,2.009273570324575
abhorrence,42,6.491499227202473
"admiration, reverence",50,7.727975270479134
anger,54,8.346213292117465
being moved,113,17.465224111282843
compassion,9,1.3910355486862442
desire,1,0.1545595054095827
despair,11,1.7001545595054095
fear,30,4.636785162287481
friendship,14,2.1638330757341575
joy,140,21.638330757341574
love,95,14.683153013910355
suffering,75,11.591962905718702
