,pre1_base_polarity,pre1_base_polarity_percentage
being moved,329,11.519607843137255
negative,1277,44.712885154061624
positive,1250,43.76750700280112
