,pre1_tag_type,pre1_tag_type_percentage
Schadenfreude,31,1.0854341736694677
abhorrence,286,10.014005602240896
"admiration, reverence",307,10.749299719887956
anger,220,7.703081232492997
being moved,329,11.519607843137255
compassion,69,2.415966386554622
desire,2,0.0700280112044818
despair,87,3.046218487394958
fear,140,4.901960784313726
friendship,37,1.2955182072829132
joy,510,17.857142857142858
love,363,12.710084033613445
suffering,475,16.631652661064425
