,pre1_base_polarity,pre1_base_polarity_percentage
being moved,329,5.847849271240668
negative,1277,22.69818698897974
no_annotation,2770,49.2356914326342
positive,1250,22.218272307145394
