,pre1_tag_type,pre1_tag_type_percentage
Schadenfreude,31,0.5510131532172059
abhorrence,286,5.083540703874867
"admiration, reverence",307,5.456807678634909
anger,220,3.91041592605759
being moved,329,5.847849271240668
compassion,69,1.2264486313544258
desire,2,0.03554923569143263
despair,87,1.5463917525773196
fear,140,2.4884464984002843
friendship,37,0.6576608602915037
joy,510,9.065055101315322
love,363,6.452186277995023
no_annotation,2770,49.2356914326342
suffering,475,8.44294347671525
