,kasperl_pre1_base_polarity,kasperl_pre1_base_polarity_percentage,comedies1740_1770_pre1_base_polarity,comedies1740_1770_pre1_base_polarity_percentage,typecomedies_pre1_base_polarity,typecomedies_pre1_base_polarity_percentage
being moved,113,17.465224111282843,94,14.37308868501529,32,11.76470588235294
negative,221,34.15765069551777,265,40.51987767584097,134,49.26470588235294
positive,313,48.37712519319938,295,45.10703363914373,106,38.970588235294116
