,kasperl_pre1_main_emotion_class,kasperl_pre1_main_emotion_class_percentage,comedies1740_1770_pre1_main_emotion_class,comedies1740_1770_pre1_main_emotion_class_percentage,typecomedies_pre1_main_emotion_class,typecomedies_pre1_main_emotion_class_percentage
being moved,113,17.465224111282843,94,14.37308868501529,32,11.76470588235294
emotions of affection,160,24.72952086553323,179,27.370030581039757,55,20.22058823529412
emotions of anxiety,41,6.3369397217928904,25,3.82262996941896,13,4.779411764705882
emotions of pleasure,153,23.64760432766615,116,17.737003058103976,51,18.75
emotions of rejection,96,14.837712519319938,133,20.33639143730887,73,26.838235294117645
emotions of suffering and empathy,84,12.982998454404946,107,16.36085626911315,48,17.647058823529413
