,pre1_base_polarity,pre1_base_polarity_percentage
being moved,94,14.37308868501529
negative,265,40.51987767584097
positive,295,45.10703363914373
