,pre1_tag_type,pre1_tag_type_percentage
Schadenfreude,5,0.764525993883792
abhorrence,61,9.327217125382264
"admiration, reverence",46,7.033639143730887
anger,72,11.009174311926607
being moved,94,14.37308868501529
compassion,11,1.6819571865443423
despair,6,0.9174311926605505
fear,19,2.90519877675841
friendship,21,3.211009174311927
joy,111,16.972477064220186
love,112,17.12538226299694
suffering,96,14.678899082568808
